{
  "accuracy": 0.7088157894736842,
  "macro_f1": 0.7086732327151237,
  "confusion_matrix": [
    [
      5767,
      1219,
      789
    ],
    [
      869,
      5468,
      1400
    ],
    [
      855,
      1507,
      4926
    ]
  ],
  "n_test": 22800,
  "class_balance": {
    "Low": 0.34100877192982454,
    "Medium": 0.3393421052631579,
    "High": 0.3196491228070175
  }
}