{
  "accuracy": 0.6348684210526315,
  "macro_f1": 0.6344152365582562,
  "confusion_matrix": [
    [
      5336,
      1309,
      1130
    ],
    [
      1183,
      4765,
      1789
    ],
    [
      1082,
      1832,
      4374
    ]
  ],
  "n_test": 22800,
  "class_balance": {
    "Low": 0.34100877192982454,
    "Medium": 0.3393421052631579,
    "High": 0.3196491228070175
  }
}