{
  "accuracy": 0.6619298245614035,
  "macro_f1": 0.660854676422523,
  "confusion_matrix": [
    [
      5609,
      1300,
      866
    ],
    [
      1179,
      5031,
      1527
    ],
    [
      1166,
      1670,
      4452
    ]
  ],
  "n_test": 22800,
  "class_balance": {
    "Low": 0.34100877192982454,
    "Medium": 0.3393421052631579,
    "High": 0.3196491228070175
  }
}