{
  "accuracy": 0.375219298245614,
  "macro_f1": 0.3617971265639488,
  "confusion_matrix": [
    [
      4341,
      1859,
      1575
    ],
    [
      3634,
      2495,
      1608
    ],
    [
      3457,
      2112,
      1719
    ]
  ],
  "n_test": 22800,
  "class_balance": {
    "Low": 0.34100877192982454,
    "Medium": 0.3393421052631579,
    "High": 0.3196491228070175
  }
}