{
  "accuracy": 0.6128070175438597,
  "macro_f1": 0.6117313912668744,
  "confusion_matrix": [
    [
      5337,
      1375,
      1063
    ],
    [
      1382,
      4419,
      1936
    ],
    [
      1220,
      1852,
      4216
    ]
  ],
  "n_test": 22800,
  "class_balance": {
    "Low": 0.34100877192982454,
    "Medium": 0.3393421052631579,
    "High": 0.3196491228070175
  }
}