{
  "accuracy": 0.35342105263157897,
  "macro_f1": 0.25752139653940875,
  "confusion_matrix": [
    [
      1797,
      5978,
      0
    ],
    [
      1476,
      6261,
      0
    ],
    [
      1471,
      5817,
      0
    ]
  ],
  "n_test": 22800,
  "class_balance": {
    "Low": 0.34100877192982454,
    "Medium": 0.3393421052631579,
    "High": 0.3196491228070175
  }
}