{
  "accuracy": 0.39881578947368423,
  "macro_f1": 0.38203653787562125,
  "confusion_matrix": [
    [
      4400,
      2399,
      976
    ],
    [
      3451,
      3173,
      1113
    ],
    [
      3192,
      2576,
      1520
    ]
  ],
  "n_test": 22800,
  "class_balance": {
    "Low": 0.34100877192982454,
    "Medium": 0.3393421052631579,
    "High": 0.3196491228070175
  }
}