{
  "accuracy": 0.6557456140350877,
  "macro_f1": 0.6560451417811962,
  "confusion_matrix": [
    [
      5296,
      1374,
      1105
    ],
    [
      1035,
      4715,
      1987
    ],
    [
      902,
      1446,
      4940
    ]
  ],
  "n_test": 22800,
  "class_balance": {
    "Low": 0.34100877192982454,
    "Medium": 0.3393421052631579,
    "High": 0.3196491228070175
  }
}