{
  "accuracy": 0.3944298245614035,
  "macro_f1": 0.3943313299650615,
  "confusion_matrix": [
    [
      2787,
      2161,
      2827
    ],
    [
      2366,
      3006,
      2365
    ],
    [
      2180,
      1908,
      3200
    ]
  ],
  "n_test": 22800,
  "class_balance": {
    "Low": 0.34100877192982454,
    "Medium": 0.3393421052631579,
    "High": 0.3196491228070175
  }
}