{
  "accuracy": 0.6228070175438597,
  "macro_f1": 0.6229415916643255,
  "confusion_matrix": [
    [
      4970,
      1623,
      1182
    ],
    [
      1142,
      4893,
      1702
    ],
    [
      1089,
      1862,
      4337
    ]
  ],
  "n_test": 22800,
  "class_balance": {
    "Low": 0.34100877192982454,
    "Medium": 0.3393421052631579,
    "High": 0.3196491228070175
  }
}