{
  "accuracy": 0.6328070175438596,
  "macro_f1": 0.6324664581390906,
  "confusion_matrix": [
    [
      5336,
      1321,
      1118
    ],
    [
      1161,
      4738,
      1838
    ],
    [
      1046,
      1888,
      4354
    ]
  ],
  "n_test": 22800,
  "class_balance": {
    "Low": 0.34100877192982454,
    "Medium": 0.3393421052631579,
    "High": 0.3196491228070175
  }
}