{
  "accuracy": 0.622719298245614,
  "macro_f1": 0.6228458808579571,
  "confusion_matrix": [
    [
      4963,
      1622,
      1190
    ],
    [
      1147,
      4895,
      1695
    ],
    [
      1091,
      1857,
      4340
    ]
  ],
  "n_test": 22800,
  "class_balance": {
    "Low": 0.34100877192982454,
    "Medium": 0.3393421052631579,
    "High": 0.3196491228070175
  }
}