{
  "accuracy": 0.6480263157894737,
  "macro_f1": 0.6472917617863008,
  "confusion_matrix": [
    [
      5446,
      1301,
      1028
    ],
    [
      1322,
      4803,
      1612
    ],
    [
      1171,
      1591,
      4526
    ]
  ],
  "n_test": 22800,
  "class_balance": {
    "Low": 0.34100877192982454,
    "Medium": 0.3393421052631579,
    "High": 0.3196491228070175
  }
}